Cross_ID,Cross_Type,Sample_ID,Dam_Weight_g,Dam_Body_mm,Dam_Just_body,Dam_Tail_mm,Dam_Foot_mm,Dam_Ear_mm,Embryo_weight_g,Placenta_Weight_g,Side_of_Repro,TS,day,sex,N_in_litter,Experiment
LL.WW10,LL.WW,M445,23.0583,152.7,82.57,70.13,17.02,9.9,1.0222,0.1016,R,25,17,F,5,dom
LL.WW10,LL.WW,M446,23.0583,152.7,82.57,70.13,17.02,9.9,0.9218,0.0849,L,25,17,M,5,dom
LL.WW10,LL.WW,M447,23.0583,152.7,82.57,70.13,17.02,9.9,0.8989,0.0892,L,25,17,F,5,dom
LL.WW10,LL.WW,M448,23.0583,152.7,82.57,70.13,17.02,9.9,0.7951,0.0853,L,25,17,M,5,dom
LL.WW11,LL.WW,M502,28.4693,154.08,86.85,67.23,15.2,9.96,0.6352,0.0985,R,24,16,F,7,dom
LL.WW11,LL.WW,M503,28.4693,154.08,86.85,67.23,15.2,9.96,0.6492,0.0861,R,24,16,M,7,dom
LL.WW11,LL.WW,M504,28.4693,154.08,86.85,67.23,15.2,9.96,0.6422,0.1023,R,24,16,M,7,dom
LL.WW11,LL.WW,M505,28.4693,154.08,86.85,67.23,15.2,9.96,0.6364,0.0999,R,24,16,M,7,dom
LL.WW11,LL.WW,M506,28.4693,154.08,86.85,67.23,15.2,9.96,0.5306,0.0854,L,24,16,M,7,dom
LL.WW11,LL.WW,M507,28.4693,154.08,86.85,67.23,15.2,9.96,0.5804,0.0777,L,24,16,F,7,dom
LL.WW11,LL.WW,M508,28.4693,154.08,86.85,67.23,15.2,9.96,0.5363,0.0917,L,24,16,M,7,dom
LL.WW13,LL.WW,M669,21.733,144.49,76.95,67.54,18.09,9.55,0.7518,0.1067,R,24,16,M,6,dom
LL.WW13,LL.WW,M670,21.733,144.49,76.95,67.54,18.09,9.55,0.7883,0.079,R,24,16,M,6,dom
LL.WW13,LL.WW,M671,21.733,144.49,76.95,67.54,18.09,9.55,0.7232,0.0833,R,24,16,M,6,dom
LL.WW13,LL.WW,M672,21.733,144.49,76.95,67.54,18.09,9.55,0.6859,0.0874,L,24,16,M,6,dom
LL.WW13,LL.WW,M673,21.733,144.49,76.95,67.54,18.09,9.55,0.6417,0.0802,L,24,16,F,6,dom
LL.WW13,LL.WW,M674,21.733,144.49,76.95,67.54,18.09,9.55,0.6867,0.0807,L,24,16,F,6,dom
LL.WW14,LL.WW,M663,22.775,147.19,80.41,66.78,16.36,11.14,0.6769,0.1056,R,24,16,M,6,dom
LL.WW14,LL.WW,M664,22.775,147.19,80.41,66.78,16.36,11.14,0.6216,0.0934,R,24,16,F,6,dom
LL.WW14,LL.WW,M665,22.775,147.19,80.41,66.78,16.36,11.14,0.7184,0.083,R,24,16,M,6,dom
LL.WW14,LL.WW,M666,22.775,147.19,80.41,66.78,16.36,11.14,0.5715,0.0787,L,24,16,F,6,dom
LL.WW14,LL.WW,M667,22.775,147.19,80.41,66.78,16.36,11.14,0.6303,0.0738,L,24,16,F,6,dom
LL.WW14,LL.WW,M668,22.775,147.19,80.41,66.78,16.36,11.14,0.5988,0.0762,L,24,16,M,6,dom
LL.WW15,LL.WW,M717,24.0669,151.09,82.56,68.53,17.68,10.5,0.9637,0.0939,R,25,16.5,F,5,dom
LL.WW15,LL.WW,M718,24.0669,151.09,82.56,68.53,17.68,10.5,0.8405,0.0949,R,25,16.5,M,5,dom
LL.WW15,LL.WW,M719,24.0669,151.09,82.56,68.53,17.68,10.5,1.01,0.0954,R,25,16.5,M,5,dom
LL.WW6,LL.WW,M90,21.0369,143.79,79.09,64.7,16.96,10.55,1.4245,0.0892,R,26,18,F,5,dom
LL.WW6,LL.WW,M91,21.0369,143.79,79.09,64.7,16.96,10.55,1.1519,0.057,R,26,18,M,5,dom
LL.WW6,LL.WW,M92,21.0369,143.79,79.09,64.7,16.96,10.55,1.1602,0.0643,R,26,18,F,5,dom
LL.WW6,LL.WW,M93,21.0369,143.79,79.09,64.7,16.96,10.55,1.4439,0.0743,L,26,18,M,5,dom
LL.WW6,LL.WW,M94,21.0369,143.79,79.09,64.7,16.96,10.55,1.14918,0.0915,L,26,18,F,5,dom
LL.WW7,LL.WW,M84,20.5983,140.7,72.53,68.17,16.07,11.13,0.6217,0.0959,R,24,16,M,6,dom
LL.WW7,LL.WW,M85,20.5983,140.7,72.53,68.17,16.07,11.13,0.5301,0.0804,R,24,16,M,6,dom
LL.WW7,LL.WW,M86,20.5983,140.7,72.53,68.17,16.07,11.13,0.5335,0.0793,R,24,16,F,6,dom
LL.WW7,LL.WW,M87,20.5983,140.7,72.53,68.17,16.07,11.13,0.5779,0.0968,L,24,16,M,6,dom
LL.WW7,LL.WW,M88,20.5983,140.7,72.53,68.17,16.07,11.13,0.6461,0.0988,L,24,16,F,6,dom
LL.WW7,LL.WW,M89,20.5983,140.7,72.53,68.17,16.07,11.13,0.5681,0.0835,L,24,16,F,6,dom
LL.WW8,LL.WW,M100,27.0341,82.65,82.65,0,17.98,12.06,0.6433,0.098,L,24,16,M,6,dom
LL.WW8,LL.WW,M95,27.0341,82.65,82.65,0,17.98,12.06,0.6106,0.1046,R,24,16,F,6,dom
LL.WW8,LL.WW,M96,27.0341,82.65,82.65,0,17.98,12.06,0.5988,0.0885,R,24,16,F,6,dom
LL.WW8,LL.WW,M97,27.0341,82.65,82.65,0,17.98,12.06,0.6059,0.0891,L,24,16,M,6,dom
LL.WW8,LL.WW,M98,27.0341,82.65,82.65,0,17.98,12.06,0.6104,0.0907,L,24,16,F,6,dom
LL.WW8,LL.WW,M99,27.0341,82.65,82.65,0,17.98,12.06,0.6303,0.1047,L,24,16,M,6,dom
LL.WW9,LL.WW,M124,26.159,117.03,83.25,33.78,16.67,9.89,1.0611,0.0958,R,25,17,F,6,dom
LL.WW9,LL.WW,M125,26.159,117.03,83.25,33.78,16.67,9.89,1.1516,0.0954,R,25,17,M,6,dom
LL.WW9,LL.WW,M126,26.159,117.03,83.25,33.78,16.67,9.89,1.1619,0.0958,R,25,17,M,6,dom
LL.WW9,LL.WW,M127,26.159,117.03,83.25,33.78,16.67,9.89,1.1985,0.0919,R,25,17,F,6,dom
LL.WW9,LL.WW,M128,26.159,117.03,83.25,33.78,16.67,9.89,1.1374,0.0804,L,25,17,M,6,dom
LL.WW9,LL.WW,M129,26.159,117.03,83.25,33.78,16.67,9.89,1.1303,0.0944,L,25,17,M,6,dom
WW.LL54,WW.LL,M1,24.9414,160,83,77,17,14,0.4896,0.0963,R,24,16,F,6,dom
WW.LL54,WW.LL,M2,24.9414,160,83,77,17,14,0.5663,0.0942,R,24,16,F,6,dom
WW.LL54,WW.LL,M3,24.9414,160,83,77,17,14,0.5429,0.0909,L,24,16,F,6,dom
WW.LL54,WW.LL,M4,24.9414,160,83,77,17,14,0.6212,0.0989,L,24,16,F,6,dom
WW.LL54,WW.LL,M5,24.9414,160,83,77,17,14,0.6097,0.1031,L,24,16,F,6,dom
WW.LL54,WW.LL,M6,24.9414,160,83,77,17,14,0.594,0.0856,L,24,16,F,6,dom
WW.LL56,WW.LL,M35,25.9,166.53,90.69,75.84,17.22,10.56,0.8648,0.1024,R,25,17,F,2,dom
WW.LL56,WW.LL,M36,25.9,166.53,90.69,75.84,17.22,10.56,1.0349,0.1093,L,25,17,M,2,dom
WW.LL57,WW.LL,M57,22.5335,156.4,83.6,72.8,18.87,11.3,0.5432,0.078,R,24,16,F,2,dom
WW.LL57,WW.LL,M58,22.5335,156.4,83.6,72.8,18.87,11.3,0.4949,0.0774,L,24,16,M,2,dom
WW.LL58,WW.LL,M78,27.9484,156.17,83.33,72.84,18.96,9.68,0.8843,0.1088,R,25.5,17.5,M,6,dom
WW.LL58,WW.LL,M79,27.9484,156.17,83.33,72.84,18.96,9.68,0.8756,0.0847,R,25.5,17.5,M,6,dom
WW.LL58,WW.LL,M80,27.9484,156.17,83.33,72.84,18.96,9.68,0.7395,0.0756,R,25.5,17.5,F,6,dom
WW.LL58,WW.LL,M81,27.9484,156.17,83.33,72.84,18.96,9.68,0.9395,0.0795,L,25.5,17.5,F,6,dom
WW.LL58,WW.LL,M82,27.9484,156.17,83.33,72.84,18.96,9.68,0.9831,0.0844,L,25.5,17.5,F,6,dom
WW.LL58,WW.LL,M83,27.9484,156.17,83.33,72.84,18.96,9.68,0.9985,0.0882,L,25.5,17.5,M,6,dom
WW.LL59,WW.LL,M114,22.9144,156.57,83.24,73.33,17.65,11.65,1.273,0.0912,L,26,18,M,3,dom
WW.LL59,WW.LL,M115,22.9144,156.57,83.24,73.33,17.65,11.65,1.2036,0.0716,L,26,18,F,3,dom
WW.LL59,WW.LL,M116,22.9144,156.57,83.24,73.33,17.65,11.65,1.3077,0.0805,L,26,18,F,3,dom
WW.LL60,WW.LL,M147,26.701,156.69,81.71,74.98,18.27,10.53,0.8492,0.0805,R,25,17,F,5,dom
WW.LL60,WW.LL,M148,26.701,156.69,81.71,74.98,18.27,10.53,0.7801,0.0748,R,25,17,F,5,dom
WW.LL60,WW.LL,M149,26.701,156.69,81.71,74.98,18.27,10.53,0.5117,0.0828,L,24,16,M,5,dom
WW.LL60,WW.LL,M150,26.701,156.69,81.71,74.98,18.27,10.53,0.8138,0.0803,L,25,17,F,5,dom
WW.LL60,WW.LL,M151,26.701,156.69,81.71,74.98,18.27,10.53,0.9195,0.0791,L,25,17,F,5,dom
WW.LL61,WW.LL,M178,30.2081,164.06,85.84,78.22,17.65,10.84,1.4348,0.0804,R,26,18,M,4,dom
WW.LL61,WW.LL,M179,30.2081,164.06,85.84,78.22,17.65,10.84,1.4775,0.0723,R,26,18,M,4,dom
WW.LL61,WW.LL,M180,30.2081,164.06,85.84,78.22,17.65,10.84,1.4984,0.0624,L,26,18,F,4,dom
WW.LL62,WW.LL,M215,29.8796,160.7,86.53,74.17,16.05,10.77,1.2009,0.0931,R,26,18,M,5,dom
WW.LL62,WW.LL,M216,29.8796,160.7,86.53,74.17,16.05,10.77,1.2316,0.0769,R,26,18,F,5,dom
WW.LL62,WW.LL,M217,29.8796,160.7,86.53,74.17,16.05,10.77,1.1639,0.0863,R,26,18,F,5,dom
WW.LL62,WW.LL,M218,29.8796,160.7,86.53,74.17,16.05,10.77,1.2969,0.0783,L,26,18,M,5,dom
WW.LL62,WW.LL,M219,29.8796,160.7,86.53,74.17,16.05,10.77,1.2645,0.0831,L,26,18,M,5,dom
WW.LL63,WW.LL,M299,24.7461,154.15,81.2,72.95,16.88,10.56,1.1182,0.0786,,26,18,F,5,dom
WW.LL63,WW.LL,M300,24.7461,154.15,81.2,72.95,16.88,10.56,1.119,0.0886,,26,18,F,5,dom
WW.LL63,WW.LL,M301,24.7461,154.15,81.2,72.95,16.88,10.56,1.1074,0.0739,,26,18,F,5,dom
WW.LL64,WW.LL,M509,20.8498,154.64,79.48,75.16,16.88,9.68,0.5248,0.0844,R,24,16,F,4,dom
WW.LL64,WW.LL,M510,20.8498,154.64,79.48,75.16,16.88,9.68,0.52,0.0788,R,24,16,F,4,dom
WW.LL64,WW.LL,M511,20.8498,154.64,79.48,75.16,16.88,9.68,0.5385,0.0807,L,24,16,M,4,dom
WW.LL64,WW.LL,M512,20.8498,154.64,79.48,75.16,16.88,9.68,0.5051,0.0803,L,24,16,M,4,dom
WW.LL72,WW.LL,M737,24.627,159.59,84.49,75.1,16.91,9.95,0.8798,0.0737,R,24.5,16.5,F,3,dom
WW.LL72,WW.LL,M738,24.627,159.59,84.49,75.1,16.91,9.95,0.4964,0.0594,L,24.5,16.5,F,3,dom
WW.LL72,WW.LL,M739,24.627,159.59,84.49,75.1,16.91,9.95,0.8513,0.0736,L,24.5,16.5,F,3,dom
WW.LL73,WW.LL,M733,26.2377,156.4,86.17,70.23,16.69,11.17,0.9121,0.0717,R,25,17,F,6,dom
WW.LL73,WW.LL,M734,26.2377,156.4,86.17,70.23,16.69,11.17,0.8571,0.061,R,25,17,F,6,dom
WW.LL73,WW.LL,M735,26.2377,156.4,86.17,70.23,16.69,11.17,0.9007,0.0641,R,25,17,F,6,dom
WW.LL73,WW.LL,M736,26.2377,156.4,86.17,70.23,16.69,11.17,0.9819,0.076,R,25,17,M,6,dom
CC.PP46,CC.PP,M209,16.5696,139.01,78.16,60.85,14.6,9.66,0.655,0.0916,R,25,17,F,3,mus
CC.PP46,CC.PP,M210,16.5696,139.01,78.16,60.85,14.6,9.66,0.8084,0.1106,R,25,17,F,3,mus
CC.PP46,CC.PP,M211,16.5696,139.01,78.16,60.85,14.6,9.66,0.7404,0.0888,L,25,17,F,3,mus
CC.PP48,CC.PP,M212,17.3815,138.46,78.81,59.65,14.38,9.8,0.6275,0.1075,R,24,16,F,3,mus
CC.PP48,CC.PP,M213,17.3815,138.46,78.81,59.65,14.38,9.8,0.6349,0.0829,R,24,16,M,3,mus
CC.PP48,CC.PP,M214,17.3815,138.46,78.81,59.65,14.38,9.8,0.6541,0.0884,R,24,16,M,3,mus
CC.PP51,CC.PP,M278,18.8005,143.58,80.03,63.55,16.01,10.7,1.2576,0.0897,L,26,18,F,3,mus
CC.PP51,CC.PP,M279,18.8005,143.58,80.03,63.55,16.01,10.7,1.2616,0.0873,L,26,18,M,3,mus
CC.PP51,CC.PP,M280,18.8005,143.58,80.03,63.55,16.01,10.7,1.188,0.0824,L,26,18,M,3,mus
CC.PP52,CC.PP,M268,19.9461,139.7,77.06,62.64,15.71,10.91,0.7637,0.0843,R,25,17,F,6,mus
CC.PP52,CC.PP,M269,19.9461,139.7,77.06,62.64,15.71,10.91,0.8229,0.0876,R,25,17,M,6,mus
CC.PP52,CC.PP,M270,19.9461,139.7,77.06,62.64,15.71,10.91,0.7979,0.0804,L,25,17,M,6,mus
CC.PP52,CC.PP,M271,19.9461,139.7,77.06,62.64,15.71,10.91,0.7686,0.0749,L,25,17,F,6,mus
CC.PP52,CC.PP,M272,19.9461,139.7,77.06,62.64,15.71,10.91,0.8371,0.078,L,25,17,M,6,mus
CC.PP52,CC.PP,M273,19.9461,139.7,77.06,62.64,15.71,10.91,0.8752,0.0743,L,25,17,M,6,mus
CC.PP54,CC.PP,M363,19.853,140.88,82.46,58.42,15.1,10.14,0.9393,0.1045,L,25,17,F,3,mus
CC.PP54,CC.PP,M364,19.853,140.88,82.46,58.42,15.1,10.14,0.9731,0.0959,L,25,17,F,3,mus
CC.PP54,CC.PP,M365,19.853,140.88,82.46,58.42,15.1,10.14,1.0019,0.1163,L,25,17,F,3,mus
CC.PP58,CC.PP,M437,22.3012,143.63,80.03,63.6,15.97,12.74,0.7639,0.0959,R,24.5,16.5,F,7,mus
CC.PP58,CC.PP,M438,22.3012,143.63,80.03,63.6,15.97,12.74,0.7795,0.0863,R,24.5,16.5,M,7,mus
CC.PP58,CC.PP,M439,22.3012,143.63,80.03,63.6,15.97,12.74,0.8198,0.0901,R,24.5,16.5,M,7,mus
CC.PP58,CC.PP,M440,22.3012,143.63,80.03,63.6,15.97,12.74,0.8346,0.094,L,24.5,16.5,M,7,mus
CC.PP58,CC.PP,M441,22.3012,143.63,80.03,63.6,15.97,12.74,0.8129,0.0998,L,24.5,16.5,F,7,mus
CC.PP58,CC.PP,M442,22.3012,143.63,80.03,63.6,15.97,12.74,0.7264,0.0868,L,24.5,16.5,F,7,mus
CC.PP58,CC.PP,M443,22.3012,143.63,80.03,63.6,15.97,12.74,0.7341,0.0911,L,24.5,16.5,M,7,mus
CC.PP59,CC.PP,M461,15.093,126.49,70.38,56.11,14.51,9.69,0.8337,0.0784,L,26,18,M,3,mus
CC.PP59,CC.PP,M462,15.093,126.49,70.38,56.11,14.51,9.69,0.8831,0.0801,L,26,18,M,3,mus
CC.PP60,CC.PP,M463,15.7106,126.12,73.86,52.26,13.84,9.79,0.9025,0.0814,R,25,17,M,3,mus
CC.PP60,CC.PP,M464,15.7106,126.12,73.86,52.26,13.84,9.79,0.8349,0.0932,L,25,17,F,3,mus
CC.PP60,CC.PP,M465,15.7106,126.12,73.86,52.26,13.84,9.79,0.873,0.0803,L,25,17,M,3,mus
CC.PP62,CC.PP,M562,19.3938,137.37,80.23,57.14,14.51,11.17,0.6986,0.1125,R,24.5,16.5,F,5,mus
CC.PP62,CC.PP,M563,19.3938,137.37,80.23,57.14,14.51,11.17,0.6966,0.0986,R,24.5,16.5,M,5,mus
CC.PP62,CC.PP,M564,19.3938,137.37,80.23,57.14,14.51,11.17,0.632,0.0853,L,24.5,16.5,M,5,mus
CC.PP62,CC.PP,M565,19.3938,137.37,80.23,57.14,14.51,11.17,0.6925,0.0819,L,24.5,16.5,F,5,mus
CC.PP62,CC.PP,M566,19.3938,137.37,80.23,57.14,14.51,11.17,0.708,0.08883,L,24.5,16.5,F,5,mus
PP.CC35,PP.CC,M201,28.4799,150.34,81.66,68.68,17.06,10.37,1.1885,0.1085,R,25.5,17.5,M,8,mus
PP.CC35,PP.CC,M202,28.4799,150.34,81.66,68.68,17.06,10.37,1.1939,0.0807,R,25.5,17.5,M,8,mus
PP.CC35,PP.CC,M203,28.4799,150.34,81.66,68.68,17.06,10.37,1.1679,0.0935,R,25.5,17.5,F,8,mus
PP.CC35,PP.CC,M204,28.4799,150.34,81.66,68.68,17.06,10.37,1.2461,0.0893,R,25.5,17.5,M,8,mus
PP.CC35,PP.CC,M205,28.4799,150.34,81.66,68.68,17.06,10.37,1.2229,0.1152,R,25.5,17.5,M,8,mus
PP.CC35,PP.CC,M206,28.4799,150.34,81.66,68.68,17.06,10.37,1.2367,0.0917,L,25.5,17.5,F,8,mus
PP.CC35,PP.CC,M207,28.4799,150.34,81.66,68.68,17.06,10.37,1.246,0.0825,L,25.5,17.5,M,8,mus
PP.CC35,PP.CC,M208,28.4799,150.34,81.66,68.68,17.06,10.37,1.1955,0.0857,L,25.5,17.5,M,8,mus
PP.CC36,PP.CC,M306,23.1591,147.23,81.33,65.9,15.05,9.91,0.4992,0.1172,R,24,16,F,7,mus
PP.CC36,PP.CC,M307,23.1591,147.23,81.33,65.9,15.05,9.91,0.5691,0.1037,R,24,16,F,7,mus
PP.CC36,PP.CC,M308,23.1591,147.23,81.33,65.9,15.05,9.91,0.5399,0.1076,R,24,16,M,7,mus
PP.CC36,PP.CC,M309,23.1591,147.23,81.33,65.9,15.05,9.91,0.5623,0.1007,L,24,16,F,7,mus
PP.CC36,PP.CC,M310,23.1591,147.23,81.33,65.9,15.05,9.91,0.5486,0.0867,L,24,16,M,7,mus
PP.CC37,PP.CC,M337,20.5036,127.03,84.18,42.85,17.45,9.31,0.8316,0.0997,L,24.5,16.5,F,4,mus
PP.CC37,PP.CC,M338,20.5036,127.03,84.18,42.85,17.45,9.31,0.8366,0.0882,L,24.5,16.5,F,4,mus
PP.CC37,PP.CC,M339,20.5036,127.03,84.18,42.85,17.45,9.31,0.8648,0.0916,L,24.5,16.5,F,4,mus
PP.CC37,PP.CC,M340,20.5036,127.03,84.18,42.85,17.45,9.31,0.8603,0.095,L,24.5,16.5,F,4,mus
PP.CC38,PP.CC,M330,21.8694,143.72,83.98,59.74,16.62,11.71,0.5915,0.1064,R,24,16,F,7,mus
PP.CC38,PP.CC,M331,21.8694,143.72,83.98,59.74,16.62,11.71,0.601,0.1039,R,24,16,F,7,mus
PP.CC38,PP.CC,M332,21.8694,143.72,83.98,59.74,16.62,11.71,0.6317,0.0962,R,24,16,M,7,mus
PP.CC38,PP.CC,M333,21.8694,143.72,83.98,59.74,16.62,11.71,0.5279,0.1096,R,24,16,M,7,mus
PP.CC38,PP.CC,M334,21.8694,143.72,83.98,59.74,16.62,11.71,0.5879,0.0961,L,24,16,M,7,mus
PP.CC38,PP.CC,M335,21.8694,143.72,83.98,59.74,16.62,11.71,0.5552,0.0821,L,24,16,F,7,mus
PP.CC38,PP.CC,M336,21.8694,143.72,83.98,59.74,16.62,11.71,0.585,0.1053,L,24,16,M,7,mus
PP.CC39,PP.CC,M351,23.9705,145.4,82.86,62.54,15.98,10.96,0.8639,0.0967,R,25,17,F,6,mus
PP.CC39,PP.CC,M352,23.9705,145.4,82.86,62.54,15.98,10.96,0.8978,0.0956,R,25,17,M,6,mus
PP.CC39,PP.CC,M353,23.9705,145.4,82.86,62.54,15.98,10.96,0.8487,0.0936,L,25,17,F,6,mus
PP.CC39,PP.CC,M354,23.9705,145.4,82.86,62.54,15.98,10.96,0.9221,0.0851,L,25,17,M,6,mus
PP.CC39,PP.CC,M355,23.9705,145.4,82.86,62.54,15.98,10.96,0.7404,0.0948,L,25,17,M,6,mus
PP.CC39,PP.CC,M356,23.9705,145.4,82.86,62.54,15.98,10.96,0.7788,0.0924,L,25,17,M,6,mus
PP.CC40,PP.CC,M384,19.6372,143.23,84.91,58.32,16.44,9.23,0.4482,0.0925,R,24,16,M,5,mus
PP.CC40,PP.CC,M385,19.6372,143.23,84.91,58.32,16.44,9.23,0.4281,0.0884,R,24,16,F,5,mus
PP.CC40,PP.CC,M386,19.6372,143.23,84.91,58.32,16.44,9.23,0.438,0.0867,R,24,16,F,5,mus
PP.CC40,PP.CC,M387,19.6372,143.23,84.91,58.32,16.44,9.23,0.451,0.1039,L,24,16,F,5,mus
PP.CC40,PP.CC,M388,19.6372,143.23,84.91,58.32,16.44,9.23,0.4368,0.0979,L,24,16,M,5,mus
PP.CC41,PP.CC,M377,22.2403,141.26,80.53,60.73,16.75,9.55,0.616,0.0947,R,24.5,16.5,M,7,mus
PP.CC41,PP.CC,M378,22.2403,141.26,80.53,60.73,16.75,9.55,0.6904,0.1008,R,25,17,M,7,mus
PP.CC41,PP.CC,M379,22.2403,141.26,80.53,60.73,16.75,9.55,0.6378,0.0996,R,25,17,F,7,mus
PP.CC41,PP.CC,M380,22.2403,141.26,80.53,60.73,16.75,9.55,0.6347,0.1077,L,25,17,M,7,mus
PP.CC41,PP.CC,M381,22.2403,141.26,80.53,60.73,16.75,9.55,0.5662,0.0967,L,24,16,F,7,mus
PP.CC41,PP.CC,M382,22.2403,141.26,80.53,60.73,16.75,9.55,0.6479,0.0904,L,25,17,F,7,mus
PP.CC41,PP.CC,M383,22.2403,141.26,80.53,60.73,16.75,9.55,0.6241,0.106,L,25,17,F,7,mus
PP.CC43,PP.CC,M687,24.0853,148.56,84.96,63.6,16.14,9.62,0.6484,0.1074,R,24,16,F,7,mus
PP.CC43,PP.CC,M688,24.0853,148.56,84.96,63.6,16.14,9.62,0.7496,0.1038,R,24,16,M,7,mus
PP.CC43,PP.CC,M689,24.0853,148.56,84.96,63.6,16.14,9.62,0.737,0.0948,R,24,16,M,7,mus
PP.CC43,PP.CC,M690,24.0853,148.56,84.96,63.6,16.14,9.62,0.7543,0.0905,R,24,16,M,7,mus
PP.CC48,PP.CC,M844,25.5393,156.26,89.42,66.84,17.42,10.63,0.9074,0.1196,L,24.5,16.5,M,4,mus
PP.CC48,PP.CC,M845,25.5393,156.26,89.42,66.84,17.42,10.63,0.8292,0.1358,L,24.5,16.5,M,4,mus
PP.CC48,PP.CC,M846,25.5393,156.26,89.42,66.84,17.42,10.63,0.9353,0.1053,L,24.5,16.5,F,4,mus
PP.WW10,PP.WW,M130,22.2842,100.15,80.65,19.5,15.73,10.17,0.7357,0.1237,R,24,16,M,6,musxdom
PP.WW10,PP.WW,M131,22.2842,100.15,80.65,19.5,15.73,10.17,0.6831,0.1101,R,24,16,F,6,musxdom
PP.WW10,PP.WW,M132,22.2842,100.15,80.65,19.5,15.73,10.17,0.4861,0.0772,L,24,16,F,6,musxdom
PP.WW10,PP.WW,M133,22.2842,100.15,80.65,19.5,15.73,10.17,0.6812,0.103,L,24,16,M,6,musxdom
PP.WW10,PP.WW,M134,22.2842,100.15,80.65,19.5,15.73,10.17,0.6825,0.1172,L,24,16,F,6,musxdom
PP.WW10,PP.WW,M135,22.2842,100.15,80.65,19.5,15.73,10.17,0.6617,0.1129,L,24,16,F,6,musxdom
PP.WW11,PP.WW,M136,27.3015,157.74,88.56,69.18,17.19,9.01,1.3339,0.1317,R,26,18,F,4,musxdom
PP.WW11,PP.WW,M137,27.3015,157.74,88.56,69.18,17.19,9.01,1.4742,0.1276,R,26,18,M,4,musxdom
PP.WW11,PP.WW,M138,27.3015,157.74,88.56,69.18,17.19,9.01,1.4575,0.1199,R,26,18,F,4,musxdom
PP.WW11,PP.WW,M139,27.3015,157.74,88.56,69.18,17.19,9.01,1.377,0.1321,L,26,18,M,4,musxdom
PP.WW12,PP.WW,M294,24.7662,150.5,83.72,66.78,16.01,10.55,0.6698,0.1204,,24,16,M,7,musxdom
PP.WW12,PP.WW,M296,24.7662,150.5,83.72,66.78,16.01,10.55,0.3849,0.0584,,24,16,F,7,musxdom
PP.WW12,PP.WW,M297,24.7662,150.5,83.72,66.78,16.01,10.55,0.5624,0.1186,,24,16,F,7,musxdom
PP.WW12,PP.WW,M298,24.7662,150.5,83.72,66.78,16.01,10.55,0.6039,0.0877,,24,16,F,7,musxdom
PP.WW5,PP.WW,M20,27.86,148.13,82.71,65.42,17.57,9.44,0.5747,0.1248,R,24,16,M,8,musxdom
PP.WW5,PP.WW,M21,27.86,148.13,82.71,65.42,17.57,9.44,0.6021,0.1058,R,24,16,F,8,musxdom
PP.WW5,PP.WW,M22,27.86,148.13,82.71,65.42,17.57,9.44,0.5858,0.1075,R,24,16,F,8,musxdom
PP.WW5,PP.WW,M23,27.86,148.13,82.71,65.42,17.57,9.44,0.5833,0.1195,L,24,16,F,8,musxdom
PP.WW5,PP.WW,M24,27.86,148.13,82.71,65.42,17.57,9.44,0.6032,0.1404,L,24,16,M,8,musxdom
PP.WW5,PP.WW,M25,27.86,148.13,82.71,65.42,17.57,9.44,0.4418,0.08,L,24,16,F,8,musxdom
PP.WW5,PP.WW,M26,27.86,148.13,82.71,65.42,17.57,9.44,0.575,0.1125,L,24,16,F,8,musxdom
PP.WW5,PP.WW,M27,27.86,148.13,82.71,65.42,17.57,9.44,0.5421,0.1046,L,24,16,M,8,musxdom
PP.WW7,PP.WW,M44,22.5479,148.03,84.53,63.5,16.06,11.03,0.6234,0.1228,R,24,16,F,5,musxdom
PP.WW7,PP.WW,M45,22.5479,148.03,84.53,63.5,16.06,11.03,0.6297,0.1083,R,24,16,F,5,musxdom
PP.WW7,PP.WW,M46,22.5479,148.03,84.53,63.5,16.06,11.03,0.6868,0.1266,R,24,16,F,5,musxdom
PP.WW7,PP.WW,M47,22.5479,148.03,84.53,63.5,16.06,11.03,0.7087,0.1268,R,24,16,M,5,musxdom
PP.WW7,PP.WW,M48,22.5479,148.03,84.53,63.5,16.06,11.03,0.6809,0.1233,L,24,16,M,5,musxdom
PP.WW9,PP.WW,M165,20.7165,142.4,83.85,58.55,16.06,9.45,0.1671,0.1054,R,23,15,F,6,musxdom
PP.WW9,PP.WW,M166,20.7165,142.4,83.85,58.55,16.06,9.45,0.1918,0.1041,R,23,15,F,6,musxdom
PP.WW9,PP.WW,M167,20.7165,142.4,83.85,58.55,16.06,9.45,0.2045,0.0688,L,23,15,F,6,musxdom
PP.WW9,PP.WW,M168,20.7165,142.4,83.85,58.55,16.06,9.45,0.2364,0.1023,L,23,15,F,6,musxdom
PP.WW9,PP.WW,M169,20.7165,142.4,83.85,58.55,16.06,9.45,0.1871,0.112,L,23,15,M,6,musxdom
PP.WW9,PP.WW,M170,20.7165,142.4,83.85,58.55,16.06,9.45,0.2598,0.092,L,23,15,M,6,musxdom
WW.PP35,WW.PP,M10,27.7072,162,86,76,18,11,0.6179,0.116,L,25,17,F,4,musxdom
WW.PP35,WW.PP,M7,27.7072,162,86,76,18,11,1.1087,0.1331,R,25,17,M,4,musxdom
WW.PP35,WW.PP,M8,27.7072,162,86,76,18,11,1.0884,0.1172,L,25,17,M,4,musxdom
WW.PP35,WW.PP,M9,27.7072,162,86,76,18,11,0.9038,0.0971,L,25,17,M,4,musxdom
WW.PP36,WW.PP,M28,30.0308,160.95,86.41,74.54,18.1,10.97,1.1869,0.0958,R,25,17,M,7,musxdom
WW.PP36,WW.PP,M29,30.0308,160.95,86.41,74.54,18.1,10.97,1.2534,0.0897,R,25,17,M,7,musxdom
WW.PP36,WW.PP,M30,30.0308,160.95,86.41,74.54,18.1,10.97,1.0241,0.0958,R,25,17,F,7,musxdom
WW.PP36,WW.PP,M31,30.0308,160.95,86.41,74.54,18.1,10.97,1.1278,0.0874,L,25,17,M,7,musxdom
WW.PP36,WW.PP,M32,30.0308,160.95,86.41,74.54,18.1,10.97,1.1117,0.0911,L,25,17,M,7,musxdom
WW.PP36,WW.PP,M33,30.0308,160.95,86.41,74.54,18.1,10.97,1.1103,0.0899,L,25,17,M,7,musxdom
WW.PP36,WW.PP,M34,30.0308,160.95,86.41,74.54,18.1,10.97,1.3042,0.1188,L,25,17,F,7,musxdom
WW.PP38,WW.PP,M37,22.7696,156.45,82.43,74.02,17.39,12.73,0.383,0.0724,R,23,15,M,7,musxdom
WW.PP38,WW.PP,M38,22.7696,156.45,82.43,74.02,17.39,12.73,0.4158,0.0871,R,24,15,F,7,musxdom
WW.PP38,WW.PP,M39,22.7696,156.45,82.43,74.02,17.39,12.73,0.3013,0.0749,R,23,15,F,7,musxdom
WW.PP38,WW.PP,M41,22.7696,156.45,82.43,74.02,17.39,12.73,0.4036,0.0741,R,24,15,M,7,musxdom
WW.PP39,WW.PP,M59,27.4027,157.79,83.82,73.97,18.97,10.86,0.6493,0.0807,R,25,17,M,6,musxdom
WW.PP39,WW.PP,M60,27.4027,157.79,83.82,73.97,18.97,10.86,0.6769,0.0913,R,25,17,F,6,musxdom
WW.PP39,WW.PP,M61,27.4027,157.79,83.82,73.97,18.97,10.86,0.6486,0.0776,R,25,17,M,6,musxdom
WW.PP39,WW.PP,M62,27.4027,157.79,83.82,73.97,18.97,10.86,0.6639,0.0877,R,25,17,M,6,musxdom
WW.PP39,WW.PP,M63,27.4027,157.79,83.82,73.97,18.97,10.86,0.6314,0.0858,L,25,17,M,6,musxdom
WW.PP39,WW.PP,M64,27.4027,157.79,83.82,73.97,18.97,10.86,0.5736,0.0908,L,25,17,F,6,musxdom
WW.PP40,WW.PP,M65,24.9082,112.22,81.77,,17.64,9.51,0.8871,0.1119,R,26,18,M,5,musxdom
WW.PP40,WW.PP,M66,24.9082,112.22,81.77,,17.64,9.51,1.0812,0.0964,R,26,18,F,5,musxdom
WW.PP40,WW.PP,M67,24.9082,112.22,81.77,,17.64,9.51,0.8422,0.0945,L,26,18,F,5,musxdom
WW.PP40,WW.PP,M68,24.9082,112.22,81.77,,17.64,9.51,0.9315,0.0729,L,26,18,F,5,musxdom
WW.PP40,WW.PP,M69,24.9082,112.22,81.77,,17.64,9.51,1.0004,0.1041,L,26,18,M,5,musxdom
WW.PP41,WW.PP,M101,27.5869,165.88,88.5,77.38,16.8,13.25,0.6197,0.093,R,24.5,16.5,F,5,musxdom
WW.PP41,WW.PP,M102,27.5869,165.88,88.5,77.38,16.8,13.25,0.8525,0.0955,R,24.5,16.5,F,5,musxdom
WW.PP41,WW.PP,M103,27.5869,165.88,88.5,77.38,16.8,13.25,0.9677,0.1099,L,24.5,16.5,F,5,musxdom
WW.PP41,WW.PP,M104,27.5869,165.88,88.5,77.38,16.8,13.25,0.8851,0.0996,L,24.5,16.5,M,5,musxdom
WW.PP41,WW.PP,M105,27.5869,165.88,88.5,77.38,16.8,13.25,0.8609,0.0917,L,24.5,16.5,M,5,musxdom
WW.PP42,WW.PP,M106,25.704,158.04,84.91,73.13,17.66,10.58,0.4237,0.0921,R,23.5,15.5,F,8,musxdom
WW.PP42,WW.PP,M107,25.704,158.04,84.91,73.13,17.66,10.58,0.4016,0.0745,R,23.5,15.5,F,8,musxdom
WW.PP42,WW.PP,M108,25.704,158.04,84.91,73.13,17.66,10.58,0.477,0.0761,R,23.5,15.5,M,8,musxdom
WW.PP42,WW.PP,M109,25.704,158.04,84.91,73.13,17.66,10.58,0.4452,0.0742,R,23.5,15.5,M,8,musxdom
WW.PP42,WW.PP,M110,25.704,158.04,84.91,73.13,17.66,10.58,0.4384,0.0783,R,23.5,15.5,M,8,musxdom
WW.PP42,WW.PP,M111,25.704,158.04,84.91,73.13,17.66,10.58,0.4485,0.0786,L,23.5,15.5,M,8,musxdom
WW.PP42,WW.PP,M112,25.704,158.04,84.91,73.13,17.66,10.58,0.48,0.0871,L,23.5,15.5,F,8,musxdom
WW.PP42,WW.PP,M113,25.704,158.04,84.91,73.13,17.66,10.58,0.4412,0.0865,L,23.5,15.5,F,8,musxdom
WW.PP43,WW.PP,M287,29.496,155.23,82.87,72.36,18.13,11.04,0.5835,0.0747,R,24,16,F,10,musxdom
WW.PP43,WW.PP,M288,29.496,155.23,82.87,72.36,18.13,11.04,0.6685,0.0674,R,24,16,M,10,musxdom
WW.PP43,WW.PP,M289,29.496,155.23,82.87,72.36,18.13,11.04,0.6295,0.074,R,24,16,F,10,musxdom
WW.PP43,WW.PP,M290,29.496,155.23,82.87,72.36,18.13,11.04,0.5733,0.065,R,24,16,F,10,musxdom
WW.PP43,WW.PP,M291,29.496,155.23,82.87,72.36,18.13,11.04,0.6084,0.0609,R,24,16,M,10,musxdom
WW.PP43,WW.PP,M292,29.496,155.23,82.87,72.36,18.13,11.04,0.5937,0.0684,L,24,16,F,10,musxdom
WW.PP43,WW.PP,M293,29.496,155.23,82.87,72.36,18.13,11.04,0.5513,0.0654,L,24,16,F,10,musxdom
PP.LL34,PP.LL,M240,25.4494,161.01,94.16,66.85,15.99,9.13,0.6636,0.1319,R,24,16,F,2,musxdom
PP.LL34,PP.LL,M241,25.4494,161.01,94.16,66.85,15.99,9.13,1.29,0.1551,R,25,17,F,2,musxdom
PP.LL35,PP.LL,M233,26.8277,147.94,84.18,63.76,14.51,9.68,1.0753,0.1186,R,25,17,M,7,musxdom
PP.LL35,PP.LL,M234,26.8277,147.94,84.18,63.76,14.51,9.68,1.0619,0.1288,R,25,17,M,7,musxdom
PP.LL35,PP.LL,M235,26.8277,147.94,84.18,63.76,14.51,9.68,1.027,0.1329,R,25,17,M,7,musxdom
PP.LL35,PP.LL,M236,26.8277,147.94,84.18,63.76,14.51,9.68,0.9961,0.1086,R,25,17,M,7,musxdom
PP.LL35,PP.LL,M237,26.8277,147.94,84.18,63.76,14.51,9.68,0.9988,0.1203,L,25,17,F,7,musxdom
PP.LL35,PP.LL,M238,26.8277,147.94,84.18,63.76,14.51,9.68,0.7366,0.1094,L,25,17,M,7,musxdom
PP.LL35,PP.LL,M239,26.8277,147.94,84.18,63.76,14.51,9.68,1.0161,0.1423,L,25,17,F,7,musxdom
PP.LL36,PP.LL,M302,24.2606,150.03,86.1,63.93,16.76,10.23,0.5747,0.1209,,24,16,F,6,musxdom
PP.LL36,PP.LL,M303,24.2606,150.03,86.1,63.93,16.76,10.23,0.6564,0.1401,,24,16,M,6,musxdom
PP.LL36,PP.LL,M304,24.2606,150.03,86.1,63.93,16.76,10.23,0.6902,0.1183,,24,16,M,6,musxdom
PP.LL36,PP.LL,M305,24.2606,150.03,86.1,63.93,16.76,10.23,0.6557,0.108,,24,16,F,6,musxdom
PP.LL37,PP.LL,M357,24.1428,143.98,81.18,62.8,16.15,10.92,0.8976,0.1139,R,25,17,F,6,musxdom
PP.LL37,PP.LL,M358,24.1428,143.98,81.18,62.8,16.15,10.92,0.9325,0.1038,R,25,17,F,6,musxdom
PP.LL37,PP.LL,M359,24.1428,143.98,81.18,62.8,16.15,10.92,0.9505,0.1135,R,25,17,M,6,musxdom
PP.LL37,PP.LL,M360,24.1428,143.98,81.18,62.8,16.15,10.92,0.8137,0.1266,R,25,17,M,6,musxdom
PP.LL37,PP.LL,M361,24.1428,143.98,81.18,62.8,16.15,10.92,0.9711,0.103,R,25,17,F,6,musxdom
PP.LL37,PP.LL,M362,24.1428,143.98,81.18,62.8,16.15,10.92,1.0479,0.1135,L,25,17,M,6,musxdom
PP.LL38,PP.LL,M394,27.1177,148.24,85.09,63.15,15.42,7.97,1.022,0.1229,R,25,17,M,7,musxdom
PP.LL38,PP.LL,M395,27.1177,148.24,85.09,63.15,15.42,7.97,0.9986,0.1198,R,25,17,M,7,musxdom
PP.LL38,PP.LL,M396,27.1177,148.24,85.09,63.15,15.42,7.97,0.9193,0.0997,R,25,17,F,7,musxdom
PP.LL38,PP.LL,M397,27.1177,148.24,85.09,63.15,15.42,7.97,1.0857,0.1103,R,25,17,M,7,musxdom
PP.LL38,PP.LL,M398,27.1177,148.24,85.09,63.15,15.42,7.97,0.9634,0.1104,L,25,17,F,7,musxdom
PP.LL38,PP.LL,M399,27.1177,148.24,85.09,63.15,15.42,7.97,1.0174,0.1017,L,25,17,M,7,musxdom
PP.LL38,PP.LL,M400,27.1177,148.24,85.09,63.15,15.42,7.97,1,0.0938,L,25,17,M,7,musxdom
LL.PP28,LL.PP,M223,24.9466,147.09,78.54,68.55,17.4,9.52,0.9346,0.1073,R,25,17,M,6,musxdom
LL.PP28,LL.PP,M224,24.9466,147.09,78.54,68.55,17.4,9.52,0.9706,0.0973,R,25,17,F,6,musxdom
LL.PP28,LL.PP,M225,24.9466,147.09,78.54,68.55,17.4,9.52,0.9656,0.1182,R,25,17,M,6,musxdom
LL.PP28,LL.PP,M226,24.9466,147.09,78.54,68.55,17.4,9.52,1.0133,0.1032,L,25,17,M,6,musxdom
LL.PP28,LL.PP,M227,24.9466,147.09,78.54,68.55,17.4,9.52,1.0753,0.0855,L,25,17,M,6,musxdom
LL.PP28,LL.PP,M228,24.9466,147.09,78.54,68.55,17.4,9.52,0.989,0.0881,L,25,17,F,6,musxdom
LL.PP29,LL.PP,M370,24.4855,145.4,81.58,63.82,16.23,10.32,0.5471,0.1089,R,24,16,M,7,musxdom
LL.PP29,LL.PP,M371,24.4855,145.4,81.58,63.82,16.23,10.32,0.5451,0.1049,R,24,16,F,7,musxdom
LL.PP29,LL.PP,M372,24.4855,145.4,81.58,63.82,16.23,10.32,0.5799,0.0735,R,24,16,M,7,musxdom
LL.PP29,LL.PP,M373,24.4855,145.4,81.58,63.82,16.23,10.32,0.6622,0.1037,R,24,16,F,7,musxdom
LL.PP29,LL.PP,M374,24.4855,145.4,81.58,63.82,16.23,10.32,0.6461,0.1024,R,24,16,F,7,musxdom
LL.PP29,LL.PP,M375,24.4855,145.4,81.58,63.82,16.23,10.32,0.6264,0.1031,L,24,16,M,7,musxdom
LL.PP29,LL.PP,M376,24.4855,145.4,81.58,63.82,16.23,10.32,0.6495,0.0854,L,24,16,M,7,musxdom
LL.PP31,LL.PP,M513,25.9552,155.38,86.2,69.18,16.39,10.05,1.7424,0.1076,R,26,18,F,2,musxdom
LL.PP31,LL.PP,M514,25.9552,155.38,86.2,69.18,16.39,10.05,1.7879,0.0928,L,26,18,M,2,musxdom
LL.PP32,LL.PP,M657,28.5688,156.79,85.66,71.13,16.11,11.9,0.9255,0.1278,R,25,17,F,6,musxdom
LL.PP32,LL.PP,M658,28.5688,156.79,85.66,71.13,16.11,11.9,0.9556,0.1041,R,25,17,F,6,musxdom
LL.PP32,LL.PP,M660,28.5688,156.79,85.66,71.13,16.11,11.9,0.9664,0.1009,L,25,17,F,6,musxdom
LL.PP32,LL.PP,M661,28.5688,156.79,85.66,71.13,16.11,11.9,0.8537,0.1006,L,25,17,F,6,musxdom
LL.PP32,LL.PP,M662,28.5688,156.79,85.66,71.13,16.11,11.9,0.9551,0.0907,L,25,17,F,6,musxdom
LL.PP33,LL.PP,M675,20.8077,144.02,77.99,66.03,15.61,9,0.7899,0.0934,R,24.5,16.5,M,5,musxdom
LL.PP33,LL.PP,M676,20.8077,144.02,77.99,66.03,15.61,9,0.7314,0.0984,R,24.5,16.5,F,5,musxdom
LL.PP33,LL.PP,M677,20.8077,144.02,77.99,66.03,15.61,9,0.6635,0.0948,L,24.5,16.5,F,5,musxdom
LL.PP33,LL.PP,M678,20.8077,144.02,77.99,66.03,15.61,9,0.6731,0.0845,L,24.5,16.5,M,5,musxdom
LL.PP33,LL.PP,M679,20.8077,144.02,77.99,66.03,15.61,9,0.7493,0.097,L,24.5,16.5,M,5,musxdom
CC.WW25,CC.WW,M536,24.3988,140.83,82.5,58.33,13.99,11.88,0.7924,0.0994,R,25,17,F,7,musxdom
CC.WW25,CC.WW,M537,24.3988,140.83,82.5,58.33,13.99,11.88,0.8679,0.1069,R,25,17,M,7,musxdom
CC.WW25,CC.WW,M538,24.3988,140.83,82.5,58.33,13.99,11.88,0.7512,0.0929,R,25,17,F,7,musxdom
CC.WW25,CC.WW,M539,24.3988,140.83,82.5,58.33,13.99,11.88,0.7918,0.0931,R,25,17,F,7,musxdom
CC.WW25,CC.WW,M540,24.3988,140.83,82.5,58.33,13.99,11.88,0.7611,0.1004,R,25,17,F,7,musxdom
CC.WW25,CC.WW,M541,24.3988,140.83,82.5,58.33,13.99,11.88,0.8547,0.1023,R,25,17,F,7,musxdom
CC.WW25,CC.WW,M542,24.3988,140.83,82.5,58.33,13.99,11.88,0.8705,0.1043,L,25,17,M,7,musxdom
CC.WW26,CC.WW,M546,19.8467,134.34,73.34,61,15.56,10.89,0.6483,0.1106,R,24,16,M,6,musxdom
CC.WW26,CC.WW,M547,19.8467,134.34,73.34,61,15.56,10.89,0.6034,0.1083,R,24,16,M,6,musxdom
CC.WW26,CC.WW,M548,19.8467,134.34,73.34,61,15.56,10.89,0.6065,0.099,R,24,16,F,6,musxdom
CC.WW26,CC.WW,M549,19.8467,134.34,73.34,61,15.56,10.89,0.6535,0.0991,L,24,16,M,6,musxdom
CC.WW26,CC.WW,M550,19.8467,134.34,73.34,61,15.56,10.89,0.7065,0.1112,L,24,16,M,6,musxdom
CC.WW26,CC.WW,M551,19.8467,134.34,73.34,61,15.56,10.89,0.6753,0.0985,L,24,16,M,6,musxdom
CC.WW27,CC.WW,M591,21.441,138.86,78.85,60.01,14.49,11.74,0.3796,0.1009,R,24,16,F,7,musxdom
CC.WW27,CC.WW,M592,21.441,138.86,78.85,60.01,14.49,11.74,0.4152,0.1012,R,24,16,M,7,musxdom
CC.WW27,CC.WW,M593,21.441,138.86,78.85,60.01,14.49,11.74,0.4009,0.1039,R,24,16,M,7,musxdom
CC.WW27,CC.WW,M594,21.441,138.86,78.85,60.01,14.49,11.74,0.4332,0.105,R,24,16,M,7,musxdom
CC.WW27,CC.WW,M595,21.441,138.86,78.85,60.01,14.49,11.74,0.3932,0.0991,L,24,16,M,7,musxdom
CC.WW27,CC.WW,M596,21.441,138.86,78.85,60.01,14.49,11.74,0.37,0.092,L,24,16,F,7,musxdom
CC.WW27,CC.WW,M597,21.441,138.86,78.85,60.01,14.49,11.74,0.3025,0.1161,L,24,16,F,7,musxdom
CC.WW29,CC.WW,M740,21.3501,140.15,78.9,61.25,15.35,11.22,0.5718,0.1204,R,24,16,M,7,musxdom
CC.WW29,CC.WW,M741,21.3501,140.15,78.9,61.25,15.35,11.22,0.6564,0.1092,R,24,16,M,7,musxdom
CC.WW29,CC.WW,M742,21.3501,140.15,78.9,61.25,15.35,11.22,0.6472,0.1046,R,24,16,M,7,musxdom
CC.WW29,CC.WW,M743,21.3501,140.15,78.9,61.25,15.35,11.22,0.6088,0.0904,R,24,16,M,7,musxdom
CC.WW29,CC.WW,M744,21.3501,140.15,78.9,61.25,15.35,11.22,0.5841,0.0766,R,24,16,F,7,musxdom
CC.WW29,CC.WW,M745,21.3501,140.15,78.9,61.25,15.35,11.22,0.7008,0.1043,L,24,16,M,7,musxdom
CC.WW29,CC.WW,M746,21.3501,140.15,78.9,61.25,15.35,11.22,0.6986,0.0977,L,24,16,M,7,musxdom
CC.WW30,CC.WW,M816,19.0414,132.38,77.66,54.72,14.23,10.42,0.6774,0.105,R,24.5,16.5,F,5,musxdom
CC.WW30,CC.WW,M817,19.0414,132.38,77.66,54.72,14.23,10.42,0.7008,0.1045,R,24.5,16.5,F,5,musxdom
CC.WW30,CC.WW,M818,19.0414,132.38,77.66,54.72,14.23,10.42,0.714,0.1122,L,24.5,16.5,M,5,musxdom
CC.WW30,CC.WW,M819,19.0414,132.38,77.66,54.72,14.23,10.42,0.6849,0.0922,L,24.5,16.5,F,5,musxdom
WW.CC40,WW.CC,M530,29.5253,161.16,85.45,75.71,16.87,11.12,1.0263,0.0978,R,25,17,F,6,musxdom
WW.CC40,WW.CC,M531,29.5253,161.16,85.45,75.71,16.87,11.12,0.9198,0.0982,R,25,17,M,6,musxdom
WW.CC40,WW.CC,M532,29.5253,161.16,85.45,75.71,16.87,11.12,1.0146,0.0951,R,25,17,F,6,musxdom
WW.CC40,WW.CC,M533,29.5253,161.16,85.45,75.71,16.87,11.12,0.8785,0.0753,L,25,17,F,6,musxdom
WW.CC40,WW.CC,M534,29.5253,161.16,85.45,75.71,16.87,11.12,1.0732,0.0854,L,25,17,F,6,musxdom
WW.CC40,WW.CC,M535,29.5253,161.16,85.45,75.71,16.87,11.12,1.0468,0.0857,L,25,17,M,6,musxdom
WW.CC41,WW.CC,M552,24.9583,148.9,80.93,67.97,16.61,12.51,1.5063,0.0885,R,26.5,18.5,F,5,musxdom
WW.CC41,WW.CC,M553,24.9583,148.9,80.93,67.97,16.61,12.51,0.7483,0.0519,R,26.5,18.5,F,5,musxdom
WW.CC41,WW.CC,M554,24.9583,148.9,80.93,67.97,16.61,12.51,1.5052,0.0808,L,26.5,18.5,F,5,musxdom
WW.CC41,WW.CC,M555,24.9583,148.9,80.93,67.97,16.61,12.51,1.4621,0.0747,L,26.5,18.5,M,5,musxdom
WW.CC42,WW.CC,M556,28.0608,160.1,82.28,77.82,16.84,12.52,1.027,0.1103,R,25,17,F,6,musxdom
WW.CC42,WW.CC,M557,28.0608,160.1,82.28,77.82,16.84,12.52,0.9255,0.0903,R,25,17,F,6,musxdom
WW.CC42,WW.CC,M558,28.0608,160.1,82.28,77.82,16.84,12.52,0.9401,0.0759,R,25,17,F,6,musxdom
WW.CC42,WW.CC,M559,28.0608,160.1,82.28,77.82,16.84,12.52,1.0146,0.0958,L,25,17,F,6,musxdom
WW.CC42,WW.CC,M560,28.0608,160.1,82.28,77.82,16.84,12.52,0.9825,0.0848,L,25,17,F,6,musxdom
WW.CC43,WW.CC,M821,22.26,147.03,78.34,68.69,15.3,10.83,0.9585,0.091,R,25,17,M,6,musxdom
WW.CC43,WW.CC,M822,22.26,147.03,78.34,68.69,15.3,10.83,0.9276,0.0889,R,25,17,F,6,musxdom
WW.CC43,WW.CC,M823,22.26,147.03,78.34,68.69,15.3,10.83,0.8694,0.0803,L,25,17,F,6,musxdom
WW.CC43,WW.CC,M824,22.26,147.03,78.34,68.69,15.3,10.83,0.74,0.0853,L,25,17,F,6,musxdom
WW.CC43,WW.CC,M825,22.26,147.03,78.34,68.69,15.3,10.83,0.7698,0.0811,L,25,17,F,6,musxdom
WW.CC43,WW.CC,M826,22.26,147.03,78.34,68.69,15.3,10.83,0.9179,0.0806,L,25,17,M,6,musxdom
CC.LL11,CC.LL,M691,23.7986,153.15,86.14,67.01,14.39,9.83,0.8884,0.1329,L,25,17,F,3,musxdom
CC.LL11,CC.LL,M692,23.7986,153.15,86.14,67.01,14.39,9.83,1.0692,0.1523,L,25,17,M,3,musxdom
CC.LL11,CC.LL,M693,23.7986,153.15,86.14,67.01,14.39,9.83,1.0256,0.1511,L,25,17,M,3,musxdom
CC.LL12,CC.LL,M753,18.1382,144.22,82.42,61.8,15.95,8.48,0.1661,0.0885,R,22,14,M,6,musxdom
CC.LL12,CC.LL,M754,18.1382,144.22,82.42,61.8,15.95,8.48,0.1529,0.0789,R,22,14,M,6,musxdom
CC.LL12,CC.LL,M756,18.1382,144.22,82.42,61.8,15.95,8.48,0.1313,0.0774,L,22,14,F,6,musxdom
CC.LL12,CC.LL,M757,18.1382,144.22,82.42,61.8,15.95,8.48,0.1617,0.0727,L,22,14,F,6,musxdom
CC.LL13,CC.LL,M827,18.0152,134.35,77.69,56.66,14.13,11.25,1.3212,0.1218,L,26,18,F,2,musxdom
CC.LL13,CC.LL,M828,18.0152,134.35,77.69,56.66,14.13,11.25,1.4281,0.1194,L,26,18,M,2,musxdom
CC.LL3,CC.LL,M421,26.6102,148.66,85.01,63.65,15.48,9.01,1.0832,0.1263,R,25,17,F,6,musxdom
CC.LL3,CC.LL,M422,26.6102,148.66,85.01,63.65,15.48,9.01,1.0398,0.1163,R,25,17,F,6,musxdom
CC.LL3,CC.LL,M423,26.6102,148.66,85.01,63.65,15.48,9.01,1.0277,0.1117,R,25,17,M,6,musxdom
CC.LL3,CC.LL,M424,26.6102,148.66,85.01,63.65,15.48,9.01,1.1439,0.1113,R,25,17,M,6,musxdom
CC.LL3,CC.LL,M425,26.6102,148.66,85.01,63.65,15.48,9.01,1.1014,0.1207,L,25,17,M,6,musxdom
CC.LL3,CC.LL,M426,26.6102,148.66,85.01,63.65,15.48,9.01,1.0709,0.1171,L,25,17,M,6,musxdom
CC.LL4,CC.LL,M427,22.8658,140.52,81.65,58.87,15.95,10.61,0.5966,0.1071,R,24,16,F,5,musxdom
CC.LL4,CC.LL,M428,22.8658,140.52,81.65,58.87,15.95,10.61,0.6095,0.1023,L,24,16,F,5,musxdom
CC.LL4,CC.LL,M429,22.8658,140.52,81.65,58.87,15.95,10.61,0.6038,0.1095,L,24,16,F,5,musxdom
CC.LL4,CC.LL,M430,22.8658,140.52,81.65,58.87,15.95,10.61,0.7094,0.1037,L,24,16,F,5,musxdom
CC.LL4,CC.LL,M431,22.8658,140.52,81.65,58.87,15.95,10.61,0.6399,0.1225,L,24,16,M,5,musxdom
CC.LL8,CC.LL,M543,21.5726,146.45,79.93,66.52,15.24,10.59,0.769,0.1505,R,25,17,F,3,musxdom
CC.LL8,CC.LL,M544,21.5726,146.45,79.93,66.52,15.24,10.59,0.6484,0.1165,R,25,17,M,3,musxdom
CC.LL8,CC.LL,M545,21.5726,146.45,79.93,66.52,15.24,10.59,0.6813,0.0979,L,25,17,F,3,musxdom
LL.CC1,LL.CC,M497,25.8949,154.77,87.88,66.89,16.86,9.28,0.994,0.1471,R,25,17,M,5,musxdom
LL.CC1,LL.CC,M498,25.8949,154.77,87.88,66.89,16.86,9.28,0.878,0.1089,R,25,17,M,5,musxdom
LL.CC1,LL.CC,M499,25.8949,154.77,87.88,66.89,16.86,9.28,0.9339,0.103,R,25,17,F,5,musxdom
LL.CC1,LL.CC,M500,25.8949,154.77,87.88,66.89,16.86,9.28,0.9823,0.1193,L,25,17,F,5,musxdom
LL.CC1,LL.CC,M501,25.8949,154.77,87.88,66.89,16.86,9.28,1.0298,0.1226,L,25,17,M,5,musxdom
LL.CC3,LL.CC,M694,25.2266,145.97,78.41,67.56,16.26,10.24,0.7162,0.1014,R,24.5,16.5,M,8,musxdom
LL.CC3,LL.CC,M695,25.2266,145.97,78.41,67.56,16.26,10.24,0.6593,0.1065,L,24.5,16.5,M,8,musxdom
LL.CC3,LL.CC,M696,25.2266,145.97,78.41,67.56,16.26,10.24,0.6838,0.098,L,24.5,16.5,M,8,musxdom
LL.CC3,LL.CC,M697,25.2266,145.97,78.41,67.56,16.26,10.24,0.7089,0.0936,L,24.5,16.5,M,8,musxdom
LL.CC3,LL.CC,M698,25.2266,145.97,78.41,67.56,16.26,10.24,0.6421,0.1087,L,24.5,16.5,M,8,musxdom
LL.CC3,LL.CC,M700,25.2266,145.97,78.41,67.56,16.26,10.24,0.5641,0.0891,L,24.5,16.5,M,8,musxdom
LL.CC3,LL.CC,M701,25.2266,145.97,78.41,67.56,16.26,10.24,0.5184,0.1074,L,24.5,16.5,F,8,musxdom
LL.CC4,LL.CC,M728,25.6545,152.02,83.69,68.33,16.13,9.38,0.7367,0.1226,R,24,16,M,5,musxdom
LL.CC4,LL.CC,M729,25.6545,152.02,83.69,68.33,16.13,9.38,0.5131,0.126,R,24,16,F,5,musxdom
LL.CC4,LL.CC,M730,25.6545,152.02,83.69,68.33,16.13,9.38,0.6882,0.1037,L,24,16,M,5,musxdom
LL.CC4,LL.CC,M731,25.6545,152.02,83.69,68.33,16.13,9.38,0.6847,0.1108,L,24,16,M,5,musxdom
LL.CC4,LL.CC,M732,25.6545,152.02,83.69,68.33,16.13,9.38,0.6776,0.1236,L,24,16,M,5,musxdom
LL.CC5,LL.CC,M780,22.8338,147.84,80.28,67.56,16.37,10.59,0.7824,0.1051,R,24.5,16.5,M,5,musxdom
LL.CC5,LL.CC,M781,22.8338,147.84,80.28,67.56,16.37,10.59,0.8541,0.116,R,24.5,16.5,F,5,musxdom
LL.CC5,LL.CC,M782,22.8338,147.84,80.28,67.56,16.37,10.59,0.9043,0.1214,R,24.5,16.5,M,5,musxdom
LL.CC5,LL.CC,M783,22.8338,147.84,80.28,67.56,16.37,10.59,0.9416,0.1097,L,24.5,16.5,M,5,musxdom
LL.CC5,LL.CC,M784,22.8338,147.84,80.28,67.56,16.37,10.59,0.9429,0.1107,L,24.5,16.5,M,5,musxdom
FM.TF10,FM.TF,M182,20.1229,126.02,80.06,45.96,14.16,10.34,0.9427,0.1095,L,25,17,F,4,spret
FM.TF10,FM.TF,M184,20.1229,126.02,80.06,45.96,14.16,10.34,0.8578,0.1059,L,25,17,M,4,spret
FM.TF10,FM.TF,M185,20.1229,126.02,80.06,45.96,14.16,10.34,0.9278,0.0975,L,25,17,F,4,spret
FM.TF11,FM.TF,M194,18.7527,98.72,74.28,24.44,12.88,9.69,1.1765,0.1147,R,26,18,F,2,spret
FM.TF11,FM.TF,M195,18.7527,98.72,74.28,24.44,12.88,9.69,1.1841,0.1042,R,26,18,F,2,spret
FM.TF12,FM.TF,M189,20.905,103.39,79.85,23.54,15.11,8.01,0.7331,0.0913,R,24,16,F,5,spret
FM.TF12,FM.TF,M190,20.905,103.39,79.85,23.54,15.11,8.01,0.8337,0.0993,R,24,16,F,5,spret
FM.TF12,FM.TF,M191,20.905,103.39,79.85,23.54,15.11,8.01,0.7368,0.0964,R,24,16,F,5,spret
FM.TF12,FM.TF,M192,20.905,103.39,79.85,23.54,15.11,8.01,0.829,0.1133,C,24,16,M,5,spret
FM.TF12,FM.TF,M193,20.905,103.39,79.85,23.54,15.11,8.01,0.6617,0.0921,L,24,16,F,5,spret
FM.TF13,FM.TF,M220,18.3788,104.49,75.18,29.31,14.66,11.27,0.7575,0.1153,R,24,16,F,3,spret
FM.TF13,FM.TF,M221,18.3788,104.49,75.18,29.31,14.66,11.27,0.7869,0.1091,R,24,16,F,3,spret
FM.TF13,FM.TF,M222,18.3788,104.49,75.18,29.31,14.66,11.27,0.7904,0.1072,R,24,16,M,3,spret
FM.TF14,FM.TF,M230,19.0339,125.11,77.55,47.56,15.33,10.06,1.1393,0.1142,R,25,17,F,3,spret
FM.TF14,FM.TF,M231,19.0339,125.11,77.55,47.56,15.33,10.06,0.9345,0.122,L,25,17,M,3,spret
FM.TF14,FM.TF,M232,19.0339,125.11,77.55,47.56,15.33,10.06,1.0338,0.1005,L,25,17,F,3,spret
FM.TF15,FM.TF,M242,20.1344,123.37,77.05,46.32,13.66,7.94,0.9837,0.0918,R,25,17,F,5,spret
FM.TF15,FM.TF,M243,20.1344,123.37,77.05,46.32,13.66,7.94,0.9473,0.0718,R,25,17,F,5,spret
FM.TF15,FM.TF,M244,20.1344,123.37,77.05,46.32,13.66,7.94,1.0262,0.0816,R,25,17,F,5,spret
FM.TF15,FM.TF,M245,20.1344,123.37,77.05,46.32,13.66,7.94,0.9988,0.0958,L,25,17,F,5,spret
FM.TF15,FM.TF,M246,20.1344,123.37,77.05,46.32,13.66,7.94,0.9795,0.0864,L,25,17,F,5,spret
FM.TF17,FM.TF,M274,19.6319,105.9,78.92,26.98,16.96,9.65,1.0325,0.1055,R,25.5,17.5,F,4,spret
FM.TF17,FM.TF,M275,19.6319,105.9,78.92,26.98,16.96,9.65,1.0793,0.0894,R,25.5,17.5,M,4,spret
FM.TF17,FM.TF,M276,19.6319,105.9,78.92,26.98,16.96,9.65,1.0497,0.0936,R,25.5,17.5,F,4,spret
FM.TF17,FM.TF,M277,19.6319,105.9,78.92,26.98,16.96,9.65,0.9055,0.0948,R,25.5,17.5,M,4,spret
FM.TF18,FM.TF,M401,21.5601,102.41,76,26.41,14.15,12.12,0.6788,0.096,R,24,16,F,6,spret
FM.TF18,FM.TF,M402,21.5601,102.41,76,26.41,14.15,12.12,0.6638,0.0877,R,24,16,F,6,spret
FM.TF18,FM.TF,M403,21.5601,102.41,76,26.41,14.15,12.12,0.6544,0.0905,R,24,16,M,6,spret
FM.TF18,FM.TF,M404,21.5601,102.41,76,26.41,14.15,12.12,0.6068,0.1167,R,24,16,F,6,spret
FM.TF18,FM.TF,M405,21.5601,102.41,76,26.41,14.15,12.12,0.5884,0.1016,L,24,16,M,6,spret
FM.TF18,FM.TF,M406,21.5601,102.41,76,26.41,14.15,12.12,0.6825,0.0963,L,24,16,F,6,spret
FM.TF19,FM.TF,M598,22.6503,134.03,85.94,48.09,13.85,10.23,0.7722,0.145,R,24.5,16.5,M,3,spret
FM.TF19,FM.TF,M599,22.6503,134.03,85.94,48.09,13.85,10.23,0.7099,0.1053,R,24.5,16.5,M,3,spret
FM.TF19,FM.TF,M600,22.6503,134.03,85.94,48.09,13.85,10.23,0.7187,0.1328,R,24.5,16.5,M,3,spret
FM.TF22,FM.TF,M806,23.8967,134.29,86.04,48.25,15.38,11.8,0.6601,0.1057,L,24,16,F,4,spret
FM.TF22,FM.TF,M807,23.8967,134.29,86.04,48.25,15.38,11.8,0.5257,0.0901,L,24,16,F,4,spret
FM.TF22,FM.TF,M808,23.8967,134.29,86.04,48.25,15.38,11.8,0.6633,0.1299,L,24,16,M,4,spret
FM.TF23,FM.TF,M793,28.7847,133.34,84.79,48.55,15.5,10.29,0.7035,0.1035,L,24.5,16.5,M,9,spret
FM.TF23,FM.TF,M794,28.7847,133.34,84.79,48.55,15.5,10.29,0.7097,0.1111,L,24.5,16.5,F,9,spret
FM.TF23,FM.TF,M795,28.7847,133.34,84.79,48.55,15.5,10.29,0.665,0.0963,L,24.5,16.5,M,9,spret
FM.TF23,FM.TF,M796,28.7847,133.34,84.79,48.55,15.5,10.29,0.6099,0.0956,L,24.5,16.5,M,9,spret
FM.TF23,FM.TF,M797,28.7847,133.34,84.79,48.55,15.5,10.29,0.6053,0.0838,L,24.5,16.5,F,9,spret
FM.TF23,FM.TF,M798,28.7847,133.34,84.79,48.55,15.5,10.29,0.6701,0.0917,L,24.5,16.5,F,9,spret
PP.FM2,PP.FM,M117,26.2791,154.33,89.14,65.19,17.43,9.94,0.4442,0.0547,R,24,16,M,7,spret
PP.FM2,PP.FM,M118,26.2791,154.33,89.14,65.19,17.43,9.94,0.5549,0.0858,R,24,16,F,7,spret
PP.FM2,PP.FM,M119,26.2791,154.33,89.14,65.19,17.43,9.94,0.6657,0.0706,R,24,16,F,7,spret
PP.FM2,PP.FM,M120,26.2791,154.33,89.14,65.19,17.43,9.94,0.7133,0.0754,L,24,16,F,7,spret
PP.FM2,PP.FM,M121,26.2791,154.33,89.14,65.19,17.43,9.94,0.5003,0.0562,L,24,16,M,7,spret
PP.FM2,PP.FM,M122,26.2791,154.33,89.14,65.19,17.43,9.94,0.5583,0.0555,L,24,16,M,7,spret
PP.FM2,PP.FM,M123,26.2791,154.33,89.14,65.19,17.43,9.94,0.5179,0.0785,L,24,16,F,7,spret
PP.FM3,PP.FM,M140,22.1067,139.81,78.95,60.86,16.44,9.57,0.5996,0.0559,R,24,16,M,7,spret
PP.FM3,PP.FM,M141,22.1067,139.81,78.95,60.86,16.44,9.57,0.6208,0.0544,R,24,16,M,7,spret
PP.FM3,PP.FM,M142,22.1067,139.81,78.95,60.86,16.44,9.57,0.5775,0.0669,R,24,16,F,7,spret
PP.FM3,PP.FM,M143,22.1067,139.81,78.95,60.86,16.44,9.57,0.6533,0.0653,R,24,16,F,7,spret
PP.FM3,PP.FM,M144,22.1067,139.81,78.95,60.86,16.44,9.57,0.7554,0.0542,R,24,16,F,7,spret
PP.FM3,PP.FM,M145,22.1067,139.81,78.95,60.86,16.44,9.57,0.6623,0.0596,L,24,16,F,7,spret
PP.FM3,PP.FM,M146,22.1067,139.81,78.95,60.86,16.44,9.57,0.3882,0.0472,L,23,15,F,7,spret
PP.TF12,PP.TF,M229,20.7991,148.4,84.51,63.89,16.1,10.47,0.5911,0.0788,R,24,16,M,1,musxspret
PP.TF16,PP.TF,M247,22.0175,153.98,85.13,68.85,16.43,8.03,0.6109,0.0667,L,24,16,M,3,musxspret
PP.TF16,PP.TF,M248,22.0175,153.98,85.13,68.85,16.43,8.03,0.6989,0.0656,L,24,16,M,3,musxspret
PP.TF16,PP.TF,M249,22.0175,153.98,85.13,68.85,16.43,8.03,0.6554,0.0877,L,24,16,M,3,musxspret
PP.TF17,PP.TF,M281,22.0143,155.31,89.73,65.58,17.83,10.17,0.6036,0.0552,L,24.5,16.5,M,3,musxspret
PP.TF17,PP.TF,M282,22.0143,155.31,89.73,65.58,17.83,10.17,0.859,0.0712,L,25,17,F,3,musxspret
PP.TF17,PP.TF,M283,22.0143,155.31,89.73,65.58,17.83,10.17,0.6552,0.055,L,25,17,F,3,musxspret
PP.TF18,PP.TF,M411,19.0363,146.06,84.38,61.68,17.63,10.51,0.9383,0.0637,R,25,17,M,3,musxspret
PP.TF18,PP.TF,M412,19.0363,146.06,84.38,61.68,17.63,10.51,0.9583,0.0519,L,25,17,M,3,musxspret
PP.TF18,PP.TF,M413,19.0363,146.06,84.38,61.68,17.63,10.51,0.9238,0.0643,L,25,17,M,3,musxspret
PP.TF21,PP.TF,M311,19.0848,146.6,80,66.6,16,9.62,0.2509,0.0439,R,23,15,M,6,musxspret
PP.TF21,PP.TF,M312,19.0848,146.6,80,66.6,16,9.62,0.1867,0.0212,R,23,15,F,6,musxspret
PP.TF21,PP.TF,M313,19.0848,146.6,80,66.6,16,9.62,0.2267,0.0556,R,23,15,F,6,musxspret
PP.TF21,PP.TF,M314,19.0848,146.6,80,66.6,16,9.62,0.1862,0.0436,R,23,15,M,6,musxspret
PP.TF21,PP.TF,M315,19.0848,146.6,80,66.6,16,9.62,0.2278,0.0541,L,23,15,F,6,musxspret
PP.TF21,PP.TF,M316,19.0848,146.6,80,66.6,16,9.62,0.1485,0.0368,L,22.5,14.5,F,6,musxspret
PP.TF22,PP.TF,M389,21.453,158.45,89.91,68.54,17.05,11.4,0.1118,0.0706,R,22,14,M,5,musxspret
PP.TF22,PP.TF,M390,21.453,158.45,89.91,68.54,17.05,11.4,0.1243,0.054,R,22,14,M,5,musxspret
PP.TF22,PP.TF,M391,21.453,158.45,89.91,68.54,17.05,11.4,0.1296,0.081,R,22,14,F,5,musxspret
PP.TF22,PP.TF,M392,21.453,158.45,89.91,68.54,17.05,11.4,0.109,0.0725,L,22,14,M,5,musxspret
PP.TF22,PP.TF,M393,21.453,158.45,89.91,68.54,17.05,11.4,0.0723,0.0419,L,22,14,F,5,musxspret
PP.TF39,PP.TF,M449,19.7212,146.32,81.2,65.12,16.4,10.83,0.2593,0.0392,R,23.5,15.5,M,5,musxspret
PP.TF39,PP.TF,M450,19.7212,146.32,81.2,65.12,16.4,10.83,0.2244,0.0473,L,23.5,15.5,F,5,musxspret
PP.TF39,PP.TF,M451,19.7212,146.32,81.2,65.12,16.4,10.83,0.2919,0.0574,L,23.5,15.5,F,5,musxspret
PP.TF39,PP.TF,M452,19.7212,146.32,81.2,65.12,16.4,10.83,0.4127,0.0566,L,24,16,M,5,musxspret
PP.TF39,PP.TF,M453,19.7212,146.32,81.2,65.12,16.4,10.83,0.3346,0.0554,L,24,16,M,5,musxspret
PP.TF44,PP.TF,M481,20.8351,144.32,86.77,57.55,15.88,9.56,1.0197,0.0677,R,25,17,F,3,musxspret
PP.TF44,PP.TF,M482,20.8351,144.32,86.77,57.55,15.88,9.56,0.9679,0.07,R,25,17,F,3,musxspret
PP.TF44,PP.TF,M483,20.8351,144.32,86.77,57.55,15.88,9.56,0.9466,0.0546,R,25,17,M,3,musxspret
PP.TF48,PP.TF,M493,19.1101,147.29,84.15,63.14,15.38,11.19,0.7846,0.0491,R,25,17,M,4,musxspret
PP.TF48,PP.TF,M494,19.1101,147.29,84.15,63.14,15.38,11.19,1.0363,0.0613,R,25,17,F,4,musxspret
PP.TF48,PP.TF,M495,19.1101,147.29,84.15,63.14,15.38,11.19,0.8425,0.0536,R,25,17,M,4,musxspret
PP.TF48,PP.TF,M496,19.1101,147.29,84.15,63.14,15.38,11.19,1.0269,0.0544,R,25,17,M,4,musxspret
TF.FM10,TF.FM,M629,13.6809,121.69,74.73,46.96,12.92,9.22,0.935,0.1088,R,24,16,F,1,spret
TF.FM14,TF.FM,M812,18.3658,125.57,72.64,52.93,13.27,9.64,0.3811,0.0671,R,24,16,F,7,spret
TF.FM14,TF.FM,M814,18.3658,125.57,72.64,52.93,13.27,9.64,0.4223,0.0833,R,24,16,F,7,spret
TF.FM14,TF.FM,M815,18.3658,125.57,72.64,52.93,13.27,9.64,0.3574,0.0883,R,24,16,M,7,spret
TF.FM4,TF.FM,M70,15.4642,123.35,74.9,48.45,14.6,8.05,0.5165,0.0952,R,24,16,M,4,spret
TF.FM4,TF.FM,M71,15.4642,123.35,74.9,48.45,14.6,8.05,0.4827,0.0864,R,24,16,F,4,spret
TF.FM4,TF.FM,M72,15.4642,123.35,74.9,48.45,14.6,8.05,0.4599,0.0768,R,24,16,F,4,spret
TF.FM4,TF.FM,M73,15.4642,123.35,74.9,48.45,14.6,8.05,0.4119,0.084,L,24,16,F,4,spret
TF.FM5,TF.FM,M74,18.3765,126.3,76.02,50.28,14.64,9.67,0.886,0.0856,R,26,18,F,4,spret
TF.FM5,TF.FM,M75,18.3765,126.3,76.02,50.28,14.64,9.67,0.6861,0.0997,R,26,18,M,4,spret
TF.FM5,TF.FM,M76,18.3765,126.3,76.02,50.28,14.64,9.67,0.7363,0.0763,L,26,18,M,4,spret
TF.FM5,TF.FM,M77,18.3765,126.3,76.02,50.28,14.64,9.67,0.801,0.078,L,26,18,M,4,spret
TF.FM6,TF.FM,M186,16.8116,125.1,76.44,48.66,13.67,7.81,1.1141,0.0757,R,25.5,17.5,F,3,spret
TF.FM6,TF.FM,M187,16.8116,125.1,76.44,48.66,13.67,7.81,1.1657,0.0827,L,25.5,17.5,F,3,spret
TF.FM6,TF.FM,M188,16.8116,125.1,76.44,48.66,13.67,7.81,1.1591,0.0792,L,25.5,17.5,F,3,spret
TF.FM7,TF.FM,M196,16.823,125.28,73.75,51.53,14.2,8.28,0.408,0.0825,R,24,16,F,5,spret
TF.FM7,TF.FM,M197,16.823,125.28,73.75,51.53,14.2,8.28,0.4414,0.0913,R,24,16,M,5,spret
TF.FM7,TF.FM,M198,16.823,125.28,73.75,51.53,14.2,8.28,0.4279,0.0836,R,24,16,F,5,spret
TF.FM7,TF.FM,M199,16.823,125.28,73.75,51.53,14.2,8.28,0.4181,0.127,L,24,16,F,5,spret
TF.FM7,TF.FM,M200,16.823,125.28,73.75,51.53,14.2,8.28,0.3768,0.0998,L,23.5,15.5,M,5,spret
TF.FM8,TF.FM,M473,14.1743,120.09,73.36,46.73,14.71,8.84,0.638,0.1046,R,24,16,F,2,spret
TF.FM8,TF.FM,M474,14.1743,120.09,73.36,46.73,14.71,8.84,0.3893,0.0968,R,24,16,M,2,spret
TF.FM9,TF.FM,M527,15.5745,124.19,74.49,49.7,14.13,9.82,1.05,0.0783,R,25.5,17.5,F,3,spret
TF.FM9,TF.FM,M528,15.5745,124.19,74.49,49.7,14.13,9.82,1.114,0.083,R,25.5,17.5,M,3,spret
TF.FM9,TF.FM,M529,15.5745,124.19,74.49,49.7,14.13,9.82,1.0708,0.0793,R,25.5,17.5,F,3,spret
TF.PP13,TF.PP,M284,18.6129,130.13,78.89,51.24,14.45,8.64,1.3286,0.2601,L,26,18,F,2,musxspret
TF.PP13,TF.PP,M285,18.6129,130.13,78.89,51.24,14.45,8.64,1.2902,0.2673,L,26,18,M,2,musxspret
TF.PP14,TF.PP,M286,18.0132,129.99,81.73,48.26,15.61,10.95,1.9639,0.3055,R,26,18,M,1,musxspret
TF.PP18,TF.PP,M515,19.8777,127.48,75.65,51.81,13.62,10.84,0.6322,0.2653,R,24,16,F,4,musxspret
TF.PP18,TF.PP,M516,19.8777,127.48,75.65,51.81,13.62,10.84,0.6661,0.2708,R,24,16,M,4,musxspret
TF.PP18,TF.PP,M517,19.8777,127.48,75.65,51.81,13.62,10.84,0.8287,0.2685,L,24,16,M,4,musxspret
TF.PP18,TF.PP,M518,19.8777,127.48,75.65,51.81,13.62,10.84,0.6333,0.258,L,24,16,M,4,musxspret
TF.PP21,TF.PP,M618,17.8539,125.18,76.2,48.98,14.51,8.79,0.6431,0.2337,L,24,16,F,3,musxspret
TF.PP21,TF.PP,M619,17.8539,125.18,76.2,48.98,14.51,8.79,0.9559,0.3175,L,24.5,16.5,F,3,musxspret
TF.PP21,TF.PP,M620,17.8539,125.18,76.2,48.98,14.51,8.79,1.2727,0.2474,L,25,16,F,3,musxspret
TF.PP22,TF.PP,M652,14.7549,123.23,77.91,45.32,14.46,10.22,2.1764,0.299,,26,18,F,1,musxspret
TF.PP30,TF.PP,M799,16.4363,123.15,72.53,50.62,11.6,8.81,1.0541,0.3685,R,25,17,F,3,musxspret
TF.PP30,TF.PP,M800,16.4363,123.15,72.53,50.62,11.6,8.81,0.9894,0.3554,R,24.5,16.5,F,3,musxspret
TF.PP30,TF.PP,M801,16.4363,123.15,72.53,50.62,11.6,8.81,0.8868,0.3546,R,24.5,16.5,M,3,musxspret
TF.PP7,TF.PP,M18,18.6084,133,82,51,14,12,0.3149,0.2239,R,24,16,M,2,musxspret
TF.PP7,TF.PP,M19,18.6084,133,82,51,14,12,0.164,0.1549,R,23.5,15.5,F,2,musxspret